﻿<?xml version="1.0" encoding="utf-8"?>
<producerteam>
	<value id="1" description="USI Holiday: New Year’s Day" />
	<value id="1" description="USI Holiday: MLK Day" />
  <value id="2" description="USI Holiday: President's Day" />
  <value id="4" description="USI Holiday: Spring Holiday" />
  <value id="5" description="USI Holiday: Memorial Day" />
  <value id="7" description="USI Holiday: Independence Day" />
  <value id="9" description="USI Holiday: Labor Day" />
  <value id="11" description="USI Holiday: Thanksgiving" />
  <value id="12" description="USI Holiday: Christmas" />
</producerteam>