<?xml version="1.0" encoding="utf-8"?>
<producerteam>
  <value id="1" description="Wellness:  Get Active Wherever You Are" />
  <value id="2" description="Wellness:  Heart Health" />
  <value id="3" description="Wellness:  Better Nutrition Every Day" />
  <value id="4" description="Wellness:  Stress Awareness" />
  <value id="5" description="Wellness:  Blood Pressure Matters" />
  <value id="6" description="Wellness:  Health and Safety" />
  <value id="7" description="Wellness:  UV Safety" />
  <value id="8" description="Wellness:  Immunization Awareness" />
  <value id="9" description="Wellness:  Cholesterol" />
  <value id="10" description="Wellness:  Medical Prescription Safety" />
  <value id="11" description="Wellness:  Diabetes Awareness" />
  <value id="12" description="Wellness:  Healthy Food &#38; Holiday Fun" />
</producerteam>
<!--<producerteam>
  <value id="1" description="Wellness:  Total Health" />
  <value id="2" description="Wellness:  Heart Health" />
  <value id="3" description="Wellness:  Healthy Eating" />
  <value id="4" description="Wellness:  Physical Fitness" />
  <value id="5" description="Wellness:  Blood Pressure" />
  <value id="6" description="Wellness:  Health and Safety" />
  <value id="7" description="Wellness:  Substance Abuse" />
  <value id="8" description="Wellness:  Immunizations" />
  <value id="9" description="Wellness:  Cholesterol" />
  <value id="10" description="Wellness:  Cancer Prevention" />
  <value id="11" description="Wellness:  Diabetes Awareness" />
  <value id="12" description="Wellness:  Lung Health" />
</producerteam>-->
<!--<producerteam>
	<value id="1" description="Wellness:  Weight Loss" />
	<value id="2" description="Wellness:  Heart Health" />
  <value id="3" description="Wellness:  Nutrition" />
  <value id="4" description="Wellness:  Physical Activity" />
  <value id="5" description="Wellness:  Allergy and Asthma" />
  <value id="6" description="Wellness:  Diabetes Awareness" />
  <value id="7" description="Wellness:  Sun Safety" />
  <value id="8" description="Wellness:  Dental Heath" />
  <value id="9" description="Wellness:  Preventive Care Wellness" />
  <value id="10" description="Wellness:  Breast Cancer and Mental Health Awareness" />
  <value id="11" description="Wellness:  Breathe Easy" />
</producerteam>-->