<?xml version="1.0" encoding="utf-8"?>
<customfield_Id>
  <value id="49102" />
  <value id="49103" />
  <value id="49104" />
  <value id="49105" />
  <value id="49106" />
  <value id="49107" />
  <value id="49108" />
  <value id="49109" />
  <value id="49110" />
  <value id="49111" />
  <value id="49112" />
  <value id="49113" />
  <value id="49114" />
  <value id="49115" />
  <value id="49116" />
  <value id="49132" />
  <value id="49133" />
  <value id="49134" />
  <value id="49135" />
  <value id="49136" />
  <value id="49137" />
  <value id="49138" />
</customfield_Id>