<?xml version="1.0" encoding="utf-8"?>
<Compliance>
  <value id="1" description="Employer Penalty effective for all large employers (50+)" />
  <value id="1" description=" – Distribute form W-2 to employees with applicable benefit information3" />
  <value id="1" description=" – Provide Form MA 1099-HC to all MA resident employees" />
  <value id="2" description=" – Send Forms 1094-C/1095-C to IRS if filing by paper" />
  <value id="3" description="3/1 – M-1 Filing Due" />
  <!--<value id="3" description=" – Distribute Forms 1095-C to employees" />-->
  <value id="3" description=" – Send Forms 1094-C/1095-C to IRS if filing electronically" />
  <value id="4" description="4/30 – Complete annual SF HCSO report" />
  <value id="7" description=" – Pay PCOR fee on Form 720" />
  <value id="10" description="10/15 - If not already provided, give participants Medicare Part D Creditable Coverage Notice" />
  <!--<value id="10" description="10/15- Annual Open Enrollment in the Marketplace begins" />-->
</Compliance>